Trait,RMSE,MAE,PCC
Height [cm],14.766731089377515,11.866536503344511,0.8306597
Yield [bu/A],31.960818017860028,23.583173608357928,0.1813505
