Trait,RMSE,MAE,PCC
Height [cm],16.001916773210525,12.841953345104656,0.8529731
Yield [bu/A],30.18553530159779,22.168123236799662,0.30889642
